Country,Life_Exp,Mean_Years_School,Surface,Births_by_Professionals,Water_Productivity,Inflation,Mortality_Rate,GDP_Growth,Ease_Business,Out_Of_School_Primary,Master_DG_Over_25,Migrants,Forested,GDP_Per_Capita,Start_UP_Procedures,Broad_Band
Switzerland,83.9872,13.85966015,41290.39,100,331.0703416,-1.143908672,4.3,2.013916952,76.61864,0.39,20.13434029,4.567482777,30.31964581,0.45312908,0.222222222,0.620591402
Norway,83.2339,13.00362968,625184.78,99.1,134.4362963,2.171136654,2.7,1.733220512,82.62729,0.19380188,11.54901981,4.101347553,19.41985856,0.437571748,0.111111111,0.587236022
Iceland,82.6782,13.76716995,103000,98.2,53.66164959,1.633055582,2.3,2.856131638,78.96154,0.39,16.86708069,-0.580990881,0.467572816,0.376803896,0.166666667,0.554115396
Australia,84.5265,12.72681999,7741220,98.8,79.16112027,1.508366722,3.9,3.01721171,81.21506,3.217002869,9.396039963,3.843836823,17.19296183,0.332014642,0.055555556,0.475799236
Denmark,81.3753,12.96049023,42920,95.4,395.8007108,0.452034154,4.1,1.135284833,85.28856,0.979103088,13.47716045,1.824242287,14.55452004,0.408171463,0.166666667,0.5962688
Sweden,82.9833,12.60972023,528449.29,100,181.5400712,-0.046784745,2.9,2.382742205,81.99155,0.392868042,11.84988976,2.438197083,52.94736984,0.367955886,0.055555556,0.5517991
Ireland,81.9976,11.58222303,70280,99.7,215.8290118,-0.289879079,3.7,4.672432057,79.57614,0.029838562,11.37664986,-2.223824288,10.73804781,0.516346851,0.111111111,0.409487977
Germany,80.6301,14.09096691,357410,97.1,115.5858577,0.51442054,3.9,1.270265945,79.71004,0.218139648,11.19859028,2.332001292,31.94930192,0.368262822,0.388888889,0.576328465
Netherlands,81.6873,12.58162975,41540,100,69.15012502,0.600248147,4,1.361535986,76.10376,0.334587097,13.13615036,0.357528957,8.782619162,0.378154779,0.111111111,0.585551772
Finland,82.0381,12.87362003,338446,99.7,58.99190942,-0.20792884,2.5,1.532230181,80.17834,0.87651062,12.70199013,1.469153126,66.2114488,0.333477589,0.055555556,0.444226262
Singapore,82.7545,11.92488003,719,99.7,285.9280931,-0.522618167,2.7,5.666578083,86.1981,0.058769226,12.34557692,5.813223861,22.90876217,0.617304215,0.055555556,0.344071053
Belgium,81.8787,12.37567997,30530,100,83.77471285,0.561429153,4.1,1.717923862,74.98904,1.337806702,12.7279058,2.23226298,22.57779234,0.352925047,0.166666667,0.544649295
New Zealand,82.4513,12.94468975,267710,96.3,21.35717486,0.292704628,5.5,2.742608534,86.76465,1.477272034,6.230690002,1.77439191,36.7808823,0.296551306,-0.055555556,0.488012919
Canada,82.6565,13.83442722,9879750,97.9,40.31175444,1.125241361,5.4,2.839812457,79.64043,0.037757874,7.098740101,3.245862298,35.13405805,0.315378901,0,0.559085313
Liechtenstein,83.2575,12.53854,160,100,20.18054562,1.44,19.1,2.003440186,64.84421,0.54633522,8.685778636,-22.55058295,41.875,1,0.277777778,0.631207162
Luxembourg,82.6287,13.01519217,2590,99.9,1243.886768,0.474743161,2.8,2.979223408,69.6031,0.610897303,7.338402913,7.621074374,34.24710425,0.574393472,0.166666667,0.500880223
United Kingdom,80.7422,13.4061203,243610,100,342.4539875,0.368046842,4.5,1.798519625,83.54968,0.236557007,13.57565975,1.931230151,12.95102828,0.304542192,0.111111111,0.536787999
Japan,84.7839,13.36610034,377971,99.9,53.09595109,0.795279631,2.7,0.875941285,77.99983,1.200057983,9.866613767,0.284952626,65.99448106,0.284347008,0.333333333,0.463862768
Korea (Republic of),83.6978,12.51293027,100295,100,45.86440988,0.706331772,3.5,4.451903069,84.00083,0.688181669,10.26022548,0.775309617,63.18360836,0.299587749,0.111111111,0.580652413
United States,77.1982,13.68342972,9831510,99.1,39.66169965,0.118627136,6.8,2.034406349,83.99668,4.107940674,14.13860035,1.494971229,31.54093318,0.438291189,0.222222222,0.488116937
Israel,82.255,13.3448664,22070,100,213.0234718,-0.634390651,3.9,3.79589329,76.67572,2.947418213,12.75197983,0.208212302,7.476212053,0.279209712,0.166666667,0.400834687
Malta,83.7769,12.21026039,320,99.8,222.2850147,1.100548264,6.6,4.468157788,66.13941,2.430198669,9.475159645,2.999792984,1.09375,0.261144519,0.444444444,0.644464224
Slovenia,80.6904,12.80368042,20675,99.8,44.68336721,-0.525552286,2.6,2.107157009,76.51751,2.23500824,16.2364006,0.786471046,60.36275695,0.267041685,0,0.417908246
Austria,81.5797,12.25669003,83879,98.5,107.6089117,0.896563335,3.7,1.51462619,78.74549,1.80703247,12.07262993,2.983069196,46.27129556,0.361996166,0.333333333,0.385799813
United Arab Emirates,78.7104,12.69402981,98647.9,99.9,115.2094001,4.069966084,7.6,4.776039852,80.75261,2.821350098,10.80467987,2.702409739,3.216490164,0.423290131,0.222222222,0.437477735
Spain,83.01,10.60540009,505924,99.9,31.35407952,-0.50036571,3.3,1.666931167,77.93588,1.469993591,14.19274998,-1.099679764,36.6679185,0.257510966,0.277777778,0.461656974
France,82.4988,11.61005974,549087,97.7,84.65955497,0.037514381,4.2,1.357215178,76.80465,0.890846252,10.51393032,0.627903889,30.66180769,0.309417601,0.166666667,0.625613658
Cyprus,81.2033,12.44017029,9251,97.1,81.94966209,-2.096997691,2.9,1.972306994,73.35105,2.171661377,13.42586994,1.851696463,18.66933305,0.256380354,0.222222222,0.498618619
Italy,82.8502,10.7401104,302069,99.9,54.63436168,0.0387904,3.5,0.236219819,72.85055,1.387809753,12.96475029,2.772090141,30.77800105,0.288215804,0.277777778,0.39978475
Estonia,77.1436,13.54843044,45340,99.7,13.18436141,-0.492326007,3.1,3.977213119,80.61685,1.901737556,21.24132919,-0.791120433,53.39677989,0.255421012,0.055555556,0.417739952
Czechia,77.7283,12.86931038,78870,99.8,94.84488594,0.309364548,3.2,2.812163591,76.34054,1.835679917,16.00156021,0.560539101,33.83276277,0.260191444,0.333333333,0.478778949
Greece,80.1106,11.40853024,131960,99.94,20.14858044,-1.735888048,4.4,0.173010451,68.42391,1.785763877,6.850419998,-1.517164127,29.56807366,0.19350515,0.166666667,0.544565409
Poland,76.4572,13.1647501,312680,99.9,38.22804358,-0.874125874,4.9,3.664501813,76.38122,4.403091431,21.89410973,-0.849119389,30.12664705,0.221099489,0.166666667,0.294846937
Bahrain,78.7605,11.04658985,778,99.9,145.0094919,1.848627424,7.6,4.814397399,76.02665,2.099739075,2.043410063,2.402340566,0.771208226,0.26533891,0.277777778,0.116698157
Lithuania,73.7201,13.49810028,65286,100,70.56828555,-0.884097406,4.9,4.299003749,81.61948,0.255271912,14.59095001,-5.230776716,33.49875931,0.254620452,0.111111111,0.390266671
Saudi Arabia,76.936,11.31052971,2149690,98,27.32928645,1.206073222,9.1,4.131364979,70.87175,2.538322449,3.590569973,4.874846777,0.454484135,0.310611996,0.666666667,0.302188401
Portugal,81.0443,9.575940132,92225.6,99.9,22.25874665,0.487938624,3.6,0.446586136,76.46616,3.568649292,16.19050026,-1.359299448,35.91193768,0.221924775,0.222222222,0.544070314
Latvia,73.5786,13.25271988,64594,99.9,101.7184744,0.174242244,5,3.990910925,80.28054,3.207450867,17.03336906,-4.424738817,52.50394774,0.219520229,0.111111111,0.346778016
Croatia,77.5804,12.19108434,88073,99.9,74.54798695,-0.464499005,4.9,1.76922769,73.62096,3.027839661,13.34128977,-0.987253142,21.82280608,0.201238338,0.333333333,0.334845618
Chile,78.9435,10.9349663,756096,99.7,3.293472612,4.348773532,7.9,4.246035383,72.58023,9.344497681,1.514879942,0.852211717,23.27228288,0.16311977,0.333333333,0.262522594
Qatar,79.2716,9.99601145,11490,99.9,564.3818595,1.814077239,7.8,11.24194802,68.66573,2.168067932,1.462280035,20.63972177,0,0.591400285,0.388888889,0.137045263
Slovakia,74.9101,12.91141987,49030,97,122.4641555,-0.325219777,6.2,4.041215068,75.58542,2.115592957,20.31897926,0.208288701,39.19539058,0.205059046,0.333333333,0.415548858
Hungary,74.5301,12.24958992,93030,99.6,22.52832197,-0.06164468,5.1,2.29558951,62,3.138519287,10.95558985,0.308953164,22.15220896,0.219422872,0.222222222,0.826666667
Argentina,75.3899,11.14726927,2780400,99.6,15.38631593,60.29403432,11.5,2.721641166,58.96151,0.644607544,14.12002646,0.065489676,10.465041,0.138218821,0.666666667,0.282373362
Türkiye,76.0324,8.63313961,785350,99,14.1687258,7.670853648,13,5.255718494,76.79104,5.027107239,2.578020096,2.073167072,27.54224231,0.207402101,0.5,0.264564669
Montenegro,76.3426,12.17648306,13810,99,23.12605266,1.548691582,4,2.872460308,73.81891,3.59846413,2.578020096,-0.501795467,59.88414193,0.137626979,0.333333333,0.390990756
Kuwait,78.6729,7.328022618,17820,99.9,181.086208,3.271701661,8.8,4.445923017,67.40473,3.263816833,0.453420013,13.39939698,0.350729517,0.357212319,0.555555556,0.023087623
Brunei Darussalam,74.6424,9.18,5770,100,147.8756937,-0.488347421,10.6,1.021234533,70.06387,2.909707082,1.896569967,-0.20406222,65.85788562,0.436404266,0.277777778,0.216629065
Russian Federation,69.419,12.77428805,17098250,99.7,21.20209453,15.53440505,8.2,4.258942655,78.16284,2.41394043,1.896569967,1.255245351,47.6616297,0.180937027,0.166666667,0.309666906
Romania,74.1847,11.27511978,238400,94.3,24.77055678,-0.594156437,9.2,3.765709244,73.3332,6.850082397,1.896569967,-1.569441322,28.94697987,0.200519664,0.222222222,0.394003071
Oman,72.5406,11.65404034,309500,98.65,44.247584,0.065290133,11.2,3.762036107,69.98474,1.458778381,1.642160058,16.95803634,0.009693053,0.180170528,0.277777778,0.144711004
Bahamas,71.5983,12.64192386,13880,98,20.18054562,1.861483029,14,0.948517048,59.87155,3.270813005,1.642160058,1.259466786,36.73342939,0.20366066,0.333333333,0.281419848
Kazakhstan,69.3622,12.34756189,2724902,99.4,7.712031419,6.665776115,11.9,7.29375,79.55915,0.279243469,0.089170001,0.840975013,1.214156032,0.158873122,0.222222222,0.186074516
Trinidad and Tobago,72.9709,11.61062419,5130,100,72.60405314,4.661215981,19.3,4.508680487,61.29128,1.266487122,1.662019968,-0.284956113,44.89083821,0.155103064,0.277777778,0.358960801
Costa Rica,77.0232,8.804059982,51100,90,21.94324773,0.801982005,9.1,4.202300539,69.2383,1.099998474,2.857599974,0.382521838,57.78923679,0.131709525,0.388888889,0.259835625
Uruguay,75.4356,8.982549667,176220,99.9,13.42453165,8.666269871,8.9,2.910876761,61.53994,0.503128052,2.115760088,-0.860794594,10.89547157,0.140570758,0.166666667,0.408283891
Belarus,72.438,12.14358044,207600,99.8,37.45623691,13.53448976,4.1,5.389244072,74.29113,2.142808916,0.916729987,0.772168901,41.5871869,0.124007112,0.166666667,0.459370052
Panama,76.2233,10.54059029,75320,96.3,39.41691048,0.137492058,17,6.299746049,66.56045,7.07649231,16.80097961,0.641434842,56.7035316,0.17950325,0.166666667,0.173794784
Malaysia,74.8839,10.64505959,330345,99.4,42.2958198,2.104389802,8.1,5.11610459,81.47337,1.396858215,1.622210026,0.762745645,58.92088574,0.177457406,0.222222222,0.138367427
Georgia,71.694,12.82221985,69700,99.9,7.864514658,4.003578207,10.5,5.651321272,83.73393,0.374076843,6.446639876,-2.570774495,40.49354376,0.095363316,0,0.324934003
Mauritius,73.5552,10.42791048,2040,99.8,18.09230468,1.286549708,14.5,4.193860818,81.46811,3.962432861,8.289943172,-0.954062209,18.7745098,0.145748553,0.166666667,0.338845869
Serbia,74.1923,11.36987019,88360,98.4,8.73696213,1.39235822,6.3,3.625212444,75.65345,0.793769836,2.206219912,0.43189163,30.77784065,0.12588298,0.222222222,0.335779993
Thailand,78.7154,8.697119713,513120,99.6,6.547619324,-0.900424963,10.8,4.097195605,80.09233,2.624406497,2.125740051,0.239187965,39.09611787,0.111557834,0.277777778,0.219260145
Albania,76.4626,11.28645502,28750,99.3,9.638438252,3.501208355,9.6,4.484425763,67.74847,2.70467276,12.33073044,-4.857973885,27.45,0.091714682,0.166666667,0.235799352
Bulgaria,71.798,11.41318035,111000,99.8,8.55751623,-0.104633261,8.2,3.597330558,71.97405,6.841079712,12.33073044,-0.354711648,34.53153153,0.152960221,0.277777778,0.40585637
Grenada,74.9362,9.032104,340,99,64.63991207,-0.515448031,16.2,2.505855026,53.44488,2.883406418,8.929066977,-0.884838296,52.05882353,0.087282497,0.222222222,0.379181738
Seychelles,71.2945,10.28312,460,99,107.1227243,4.041944107,14.8,3.035178785,61.70497,3.591114546,10.31492987,-1.008044193,73.26086957,0.171794589,0.388888889,0.474049369
Sri Lanka,76.3991,10.82730007,65610,99.95,5.463500832,3.768367831,8.7,5.558117907,61.80614,0.918792725,0.717149973,-2.187994223,32.44657827,0.081085578,0.333333333,0.110930076
Bosnia and Herzegovina,75.3003,10.53631973,51210,99.9,34.7205658,-1.036023034,6.3,3.475783076,65.44253,3.454585881,0.717149973,-7.921931913,42.18902558,0.099317831,0.611111111,0.313102308
Saint Kitts and Nevis,71.6822,8.662745,260,100,68.5851433,-2.30187563,16.9,3.322688015,54.63689,2.890170243,0.717149973,-16.11044709,42.30769231,0.154872474,0.277777778,0.751893833
Iran (Islamic Republic of),73.8749,10.63645314,1745150,99,4.309277121,12.48468156,15.5,3.351906529,58.54658,0.862251282,0.717149973,-0.590794221,6.12668252,0.083977414,0.444444444,0.151825363
Ukraine,71.624,11.13142043,603550,99.9,8.710904243,48.69986464,9.5,2.325017871,70.2106,2.484734758,0.717149973,0.301621052,16.00033137,0.085721437,0.166666667,0.248226846
North Macedonia,73.8415,10.22815037,25710,99.9,14.35792181,-0.299920476,11.4,2.935807691,80.74807,8.26423645,1.932790041,-0.428697608,38.67755737,0.103943757,0.222222222,0.304358219
China,78.2107,7.600118446,9600007.4,99.9,14.90706023,1.437023809,10.7,9.611912801,77.28424,4.584617615,1.932790041,-0.109901796,21.90563416,0.114803918,0.5,0.447941372
Dominican Republic,72.6146,9.306864107,48670,99.6,8.306170779,0.836746347,35,4.753633947,59.98867,6.598999023,1.932790041,-1.396786515,43.22272447,0.118124983,0.277777778,0.126827257
Moldova (Republic of),68.8459,11.82159042,33850,99.7,7.985433528,9.676240331,15.8,4.571337762,74.39091,2.489997864,1.500339985,-0.272734902,11.41506647,0.096808673,0.166666667,0.23764918
Cuba,73.6829,12.49773438,109880,99.9,12.0922159,10.2,5.7,4.539159636,0,4.772787535,1.500339985,-0.706870017,28.97706589,0.048919663,0.277777778,0
Peru,72.3769,9.885518863,1285220,91.6,11.43218898,3.398091947,15.7,5.170628417,68.69658,4.223899841,1.500339985,-1.872961445,56.95097337,0.078810892,0.333333333,0.123094888
Armenia,72.0431,11.33030033,29740,100,3.249039832,3.731691193,14.1,6.9375,74.49401,7.190666199,1.500339985,-1.02876291,11.0800269,0.085053967,0.111111111,0.193664846
Mexico,70.2127,9.221050262,1964375,97.7,13.15525806,2.72064065,16.2,2.171114326,72.35556,1.16947937,2.453609943,-0.324328113,33.76692841,0.117486334,0.277777778,0.226848291
Brazil,72.7504,8.128813955,8515770,98.2,25.83522005,9.029901024,15.9,2.957582254,59.08307,2.676109314,1.818096638,0.00744135,59.1707855,0.093349052,0.5,0.227981243
Colombia,72.8296,8.862859726,1141749,95.9,13.05591164,4.990234275,15.5,4.188066573,70.05964,6.921226501,3.870440006,-0.377210236,52.66889658,0.093448083,0.388888889,0.203467789
Maldives,79.9182,7.322,300,95.6,738.0576635,0.953206659,9.8,5.359478751,53.27453,4.445623781,3.870440006,10.73507229,2.733333333,0.100729304,0.222222222,0.157088661
Algeria,76.3767,8.069284397,2381741,96.6,19.23047657,4.784447007,25.2,3.69375,48.59758,4.121139526,3.870440006,-0.321108996,0.821247986,0.068915691,0.555555556,0.115252566
Azerbaijan,69.3658,10.5429697,86600,99.8,4.034182624,4.027685737,26.3,10.89914775,78.50823,5.034713745,3.870440006,0.083773508,12.4467321,0.092574613,0.055555556,0.262411042
Tonga,70.9857,11.392594,750,95.5,20.18054562,-1.05399832,12.4,1.3170371,61.38921,4.615195721,3.870440006,-12.16946581,11.93333333,0.041686047,0.111111111,0.06307457
Turkmenistan,69.2644,11.26139,488100,99.5,0.992461797,1.44,42.2,8.512873026,75,4.938376789,3.870440006,-0.817302184,8.455234583,0.084114334,0.333333333,1
Ecuador,73.67,8.817119598,256370,94.23076244,9.183990991,3.966646233,15.4,4.051017583,57.7227,1.916023254,1.624379992,-0.212432877,50.00265242,0.065571409,0.555555556,0.179205331
Mongolia,70.9754,9.423700333,1564120,98.9,19.21804913,5.726872247,19.4,7.377575868,67.77262,2.251716614,3.138050079,-0.12801559,9.064732885,0.067464609,0.333333333,0.124929358
Egypt,70.2207,9.573026174,1001450,91.5,4.15035731,10.37049034,23.3,4.276605203,60.05364,1.36100769,1.076879978,-0.269469124,0.048349893,0.075291314,0.388888889,0.121815911
Tunisia,73.7719,7.431598614,163610,73.6,12.9380447,4.437371273,17.2,3.444845504,68.65706,0.36592865,1.076879978,-1.256727261,4.248395575,0.065201192,0.5,0.150503653
Fiji,67.114,10.92154799,18270,99.9,47.71843491,1.374885426,24.4,2.066165657,61.47892,2.57470812,1.076879978,-5.753688951,60.57033388,0.063302233,0.5,0.034301417
Suriname,70.2743,9.77680063,163820,90,8.350281905,6.893903592,20.3,3.746783013,47.46427,2.234626853,2.133379936,-0.844882882,93.10017092,0.081728844,0.611111111,0.209716938
Uzbekistan,70.8616,11.89558983,448924,100,1.397354917,1.44,19.3,6.763899676,69.87898,1.784001864,2.133379936,-0.19037322,7.906460782,0.04917934,0.111111111,0.192017679
Dominica,72.814,8.142186,750,100,26.80271145,-0.843826985,31.1,1.680274188,60.54797,1.761998298,1.781213283,-11.95269634,63.82666667,0.073620747,0.166666667,0.296353921
Jordan,74.2563,10.44668007,89320,99.6,41.80047763,-0.87685136,17.5,5.042003452,68.97453,4.004920959,2.133379936,10.29074629,1.091580833,0.062916218,0.277777778,0.082398866
Libya,71.9112,7.599985,1759540,99.9,13.61110435,2.605818027,13.3,2.381643906,32.68552,2.121030791,2.015991052,-4.31127918,0.123327688,0.099959848,0.444444444,0.064422625
Paraguay,70.2617,8.861840248,406752,96.3,12.78194592,3.129002745,22.3,3.439435992,59.05401,10.80222321,6.643400192,-1.206846712,43.02115294,0.079518584,0.277777778,0.105127422
Guyana,65.6734,8.617477,214970,99.1,2.791444242,-1.001734328,33.1,2.460008874,55.49196,4.043162574,4.085660546,-4.428408928,85.87877378,0.148755516,0.277777778,0.161040423
South Africa,62.341,11.37316036,1219090,95.8,21.53658542,4.540642277,36.3,3.113998454,67.01897,8.446807861,2.183379889,1.531756206,14.13520741,0.083619172,0.277777778,0.029294347
Jamaica,70.5003,9.154628661,10990,94.3,9.318450798,3.691542289,15.5,0.691712126,69.67997,5.533824287,2.183379889,-1.905455661,52.54413103,0.055460675,0,0.173626592
Samoa,72.7675,11.4038,2840,99.7,20.18054562,0.724470135,18.6,2.829648546,62.07404,5.788641508,2.183379889,-6.090115117,57.77112676,0.031322601,0.111111111,0.011370165
Gabon,65.821,9.436,267670,82.5,90.32929172,-0.338795189,50.3,2.431563801,45.0251,8.733818054,2.183379889,4.402129339,88.13090746,0.086484109,0.388888889,0.026721971
Lebanon,75.0472,8.718636,10450,87.1,29.24307355,-3.749145248,8.3,4.346247216,54.3316,6.055175769,2.183379889,17.61452803,13.42870813,0.060192815,0.333333333,0.084403776
Indonesia,67.5703,8.556509972,1913580,98.2,3.791917,6.363121131,27.7,5.307457263,69.57879,6.433571676,0.618369997,-0.164439159,49.6597477,0.073473203,0.611111111,0.057141772
Viet Nam,73.6181,8.370280266,331230,87.4,2.431969076,0.631200905,21.8,6.484007425,69.76594,0.599121094,0.714969993,-0.407460295,42.45346134,0.048841112,0.388888889,0.228744508
Philippines,69.2664,8.969099998,300000,93.8,3.012760743,0.674192537,29.6,5.181979241,62.82943,5.524025398,0.579249978,-0.751591377,23.3805,0.056048999,0.833333333,0.096568667
Botswana,61.1409,10.34,581730,72.8,63.88703725,3.062031696,49.7,4.017064883,66.1978,7.169822693,0.579249978,-3.050925231,27.23978478,0.105864152,0.388888889,0.147146352
Bolivia (Plurinational State of),63.6304,9.827750206,1098580,99.7,13.38266805,4.059610411,31.3,4.276062094,51.65574,5.752589114,0.973389983,-0.486945928,47.35860839,0.050509985,0.666666667,0.106446937
Kyrgyzstan,69.9774,11.37410556,199949,88.8,0.722990071,6.50331839,22.3,4.485924927,67.82089,1.905563354,0.71062998,-1.394535568,6.260646465,0.026246214,0.111111111,0.059062204
Venezuela (Bolivarian Republic of),70.5536,11.10727736,912050,98.4,20.18054562,121.7380853,19.1,3.03588876,30.23634,4.564115555,0.754423314,-1.501622699,51.18469382,0.027920289,1,0.120108848
Tajikistan,71.5942,11.3333938,141380,70.4,0.637577359,5.714559496,37.5,7.801529164,61.26761,4.861442608,10.94874001,-1.404915574,2.983448861,0.026119166,0.111111111,0.000838781
Belize,70.4697,8.847599983,22970,98,15.84102497,1.44,15.3,3.979851232,55.47444,4.751012143,1.862650037,1.875455342,58.02481498,0.038175173,0.388888889,0.120715845
Morocco,74.0419,5.916,446550,93.5,8.529493894,1.557907113,23.5,4.468127742,73.38133,5.422889709,1.862650037,-0.983023414,12.73024297,0.044976908,0.166666667,0.075946974
El Salvador,70.7479,7.150929928,21040,73.6,10.39320013,-0.731384487,15.5,1.879415829,65.25247,4.292927151,0.263790011,-3.688195137,28.82034221,0.051772671,0.388888889,0.120460783
Nicaragua,73.8368,7.144,130370,99.9,7.174109615,3.997379967,19.4,3.814557222,54.38673,1.589729309,0.263790011,-2.01450858,29.9726164,0.033491285,0.277777778,0.058439356
Bhutan,71.815,5.170262283,38394,94,5.14746441,4.548143951,33.1,7.519349962,65.97305,4.195090076,0.263790011,0.03846647,70.71886232,0.059588495,0.333333333,0.00551057
Bangladesh,72.3811,7.379059792,147630,91.4,4.539381135,6.19428023,38.1,5.793318848,45.04865,4.850776672,5.748370171,-1.387125997,12.7575696,0.032446172,0.388888889,0.081388116
India,67.2398,6.655109195,3287260,90.1,2.632580326,4.906973441,43.5,6.489605764,71.04511,2.269973755,3.025324517,-0.168656507,21.54621174,0.040097721,0.666666667,0.022173843
Ghana,63.7954,8.329886695,238540,81.4,33.3195206,17.1499695,54.6,6.073135679,59.96017,3.909683014,0.843659997,-0.15756901,33.0361365,0.03431067,0.333333333,0.003362883
Micronesia (Federated States of),70.71,7.804956,700,73.7,20.18054562,-0.298115837,28.9,0.441699036,48.10341,3.86211517,0.843659997,-2.579673993,91.81428571,0.020290415,0.277777778,0.069551307
Guatemala,69.2368,5.681300163,108890,100,16.59439096,2.388720328,28.3,3.529271823,62.59562,10.05864716,0.045699999,-0.292996752,32.9304803,0.054699608,0.388888889,0.045546979
Kiribati,67.4172,7.984461822,810,65.5,20.18054562,0.572015744,57.6,2.0813372,46.93884,4.676193584,0.045699999,-3.396546611,1.456790123,0.022798404,0.277777778,0.002065038
Honduras,70.1229,7.088479996,112490,98.3,11.86807496,3.15783118,19.2,4.158721345,56.26791,17.14099884,0.045699999,-0.29812201,57.46137434,0.031254167,0.5,0.053431836
Sao Tome and Principe,67.5912,6.215599435,960,72,7.780673365,5.250170864,23.1,5.167591729,44.9711,6.986268586,0.045699999,-3.760677638,57.29166667,0.022516161,0.222222222,0.015282664
Namibia,59.269,7.192013277,824290,92.5,34.4182676,3.394015384,47.6,4.753380235,61.35078,7.772317725,0.045699999,-1.431351996,8.484817237,0.054085083,0.444444444,0.037290126
Lao People's Democratic Republic,68.0608,5.374,236800,88.2,1.736016346,1.277354271,53.8,7.252747742,50.82456,8.416090177,0.045699999,-1.521988769,70.81081081,0.047692624,0.444444444,0.02345753
Timor-Leste,67.7369,5.43679,14870,40.1,1.229002312,0.646148614,50.2,4.600697958,39.36487,9.175086011,0.045699999,-2.085759464,62.41425689,0.025524545,0.166666667,7.58E-05
Vanuatu,70.449,7.064846,12190,29.9,20.18054562,2.483268757,28.2,2.516377397,61.05191,9.027825821,0.045699999,0.567632543,36.28383921,0.016109915,0.333333333,0.012089838
Nepal,68.4495,5.121792742,147180,89.4,2.247855211,7.868908956,35.5,4.191362789,63.1866,9.75309786,0.045699999,-6.875297389,40.50842506,0.021530278,0.277777778,0.058116638
Eswatini (Kingdom of),57.0657,5.596,17360,55.6,3.550500949,4.951244937,57.2,3.247608609,59.49273,8.52178103,0.045699999,-3.562359633,28.31221198,0.047548969,0.555555556,0.013791154
Equatorial Guinea,60.5943,5.910863,28050,88.3,761.1115012,1.676630853,93.2,12.8108194,41.05286,8.777699771,0.045699999,6.207294203,88.77789661,0.077634053,0.888888889,0.000950355
Cambodia,69.5835,5.088,181040,68.3,6.717187348,1.223931955,31.8,7.89939858,53.84483,2.59324646,0.658479989,-0.885135444,48.8666593,0.022908681,0.333333333,0.018643259
Zimbabwe,59.2531,8.710908501,390760,89,5.428182681,-2.430968424,61.3,0.305591051,54.46935,7.974789492,0.621500015,-4.127948192,45.23218856,0.02106875,0.444444444,0.018252218
Angola,61.6434,5.417390823,1246700,78.1,111.3018879,9.150372075,88.1,7.191644472,41.28838,7.774740072,0.621500015,0.489977327,55.65307612,0.032401771,0.333333333,0.009355488
Syrian Arab Republic,72.0627,5.1,185180,70.6,1.971935703,139.2,41.6,-0.686567529,41.96812,7.201358212,0.260670006,-29.47621607,2.819310941,0.023683755,0.277777778,0.118040971
Cameroon,60.3334,6.15131,475440,91.5,25.2312597,2.685982772,88,4.263413094,46.09974,5.202819824,0.260670006,-0.13223499,43.37136127,0.019775407,0.277777778,0.036293364
Kenya,61.427,6.652,580370,64.7,19.03855057,6.582174403,48.9,4.204143082,73.21648,6.385474418,0.260670006,-0.09093273,6.069248927,0.025611479,0.611111111,0.016717494
Congo,63.5187,6.166,342000,61.8,252.9337086,3.169097968,52.6,4.491251029,39.53359,12.77954102,0.260670006,-1.060629657,64.37134503,0.014767472,0.555555556,0.00024163
Zambia,61.2234,7.187091494,752610,91.2,11.9416845,10.11059289,67.7,6.519972912,66.93648,7.818304332,0.260670006,-0.264261437,60.79523259,0.017015856,0.277777778,0.005970206
Solomon Islands,70.3477,5.711848,28900,64.2,20.18054562,-0.574469286,22.7,2.307551947,55.26279,7.825565042,0.260670006,-1.136087614,87.42629758,0.011976384,0.277777778,0.001941133
Comoros,63.4174,5.078649,1861,86.2,89.53768086,10,72.3,3.239318664,47.87291,20.8258667,0.260670006,-1.125548142,18.86620097,0.016497685,0.388888889,0.001634466
Papua New Guinea,65.3506,4.74,462840,61.8,44.09603426,5.995957781,51,4.25152066,59.77357,10.13959522,0.260670006,-0.043853469,77.8334217,0.022429046,0.222222222,0.003129532
Mauritania,64.3636,4.918804891,1030700,53,3.996914061,3.237703083,82.7,3.630428335,51.06288,10.96239112,0.260670006,0.523590032,0.32991171,0.029730192,0.277777778,0.005292719
Côte d'Ivoire,58.5983,5.199138977,322460,69.3,28.26919405,1.251499548,90.8,2.689513895,60.68796,21.09999847,0.260670006,-0.295708942,10.54750977,0.03070312,0.166666667,0.013147032
Tanzania (United Republic of),66.2007,6.37289871,947300,59.4,7.553719389,5.58816953,58.1,6.361093689,54.46329,13.11195348,0.260670006,-0.407221725,50.76533305,0.013227721,0.5,0.025348017
Pakistan,66.0979,4.536330223,796100,61.4,1.258268867,2.529328173,76,4.193426362,60.95491,27.26782227,1.640650034,-0.47920397,4.939831679,0.026639112,0.611111111,0.015229301
Togo,61.6194,5.016807367,56790,59,15.77480599,2.58390527,75.9,3.30210808,62.28934,8.537147522,0.720663349,-0.117878211,21.55432294,0.009821032,0.222222222,0.008488587
Haiti,63.1924,5.554,27750,44.6,9.39879293,6.731840697,69.9,1.899806539,40.72493,15.18648468,0.873994463,-1.29963715,13.07567568,0.01448148,0.555555556,0.003624927
Nigeria,52.676,7.181074153,923770,48.6,33.52944447,9.009387183,126.4,6.870524361,56.87589,16.02763292,1.078435948,-0.141910596,24.29549563,0.0277793,0.333333333,0.000422452
Rwanda,66.0722,4.425292358,26340,38.1,38.36824177,2.528502842,47.7,7.938986736,76.48282,16.87183989,0.304140002,-0.81417438,10.25056948,0.010116561,0.277777778,0.001820538
Benin,59.821,4.304786445,114760,90.7,75.49648915,0.218785924,97.6,4.236410556,52.40404,3.639633179,0.752190138,-0.339473896,29.49764726,0.018324555,0.333333333,0.003297369
Uganda,62.7048,5.730941566,241550,77.2,44.39504453,5.410004196,55.7,6.507909169,59.9818,9.002006531,0.711588696,-0.63661186,10.53264335,0.009922454,0.666666667,0.001707993
Lesotho,53.062,6.010184707,30360,58,50.45881683,3.218445137,94.6,3.338109317,59.4294,11.54412412,0.589306278,-2.209472888,1.137022398,0.013474861,0.277777778,0.003149338
Malawi,62.9044,4.489695385,118480,77.9,4.109213745,21.86734755,53.3,4.392359016,60.9371,12.04528689,0.684361704,-0.408511315,20.69294396,0.00502299,0.333333333,0.000854158
Senegal,67.0926,2.937938258,196710,87.4,6.916439788,0.135211934,49.4,3.634930337,59.275,25.73023224,1.533929944,-1.2444648,42.03223019,0.017882015,0.111111111,0.012248262
Djibouti,62.3049,4.1,23200,53.2,20.18054562,-0.847389734,65.8,7.293826081,60.49674,13.13885381,0.935865975,0.598884251,0.24137931,0.029385822,0.277777778,0.033809717
Sudan,65.2667,3.82,1878000,87.4,2.901434821,16.90957061,65.9,2.589897536,44.82932,12.51668946,1.051385874,-1.198291643,10.22892971,0.019462318,0.5,0.00087518
Madagascar,64.4853,5.120468534,587295,77.7,0.771722004,7.404191742,59,2.853159584,47.72865,21.91187286,1.517210007,-0.026383059,21.27702432,0.005145414,0.444444444,0.001540812
Gambia,62.083,4.637487411,11300,44.3,12.8525896,6.808454946,59.8,2.723155617,50.29381,16.14784323,1.168153952,-0.620683194,24.01238938,0.009859285,0.277777778,0.002758619
Ethiopia,64.9748,3.201520681,1136244.136,57.2,5.013835106,9.56889956,62.4,9.038131253,47.97613,13.98097229,1.245583278,0.339336449,15.34309348,0.011151993,0.666666667,0.00245875
Eritrea,66.5358,4.8872352,121675.405,15.5,20.18054562,1.4,46.3,1.284551256,21.5998,17.23774398,1.310315746,-7.654087516,8.802600657,0.006823889,0.611111111,0.001879829
Guinea-Bissau,59.6523,3.583719,36130,34.1,5.413518888,1.476720489,92.1,2.981824941,43.23319,15.82232927,1.241350992,-0.347558162,55.97038472,0.00805251,0.388888889,0.001614498
Liberia,60.7472,5.082,111370,45,20.21251081,7.748696876,88.3,3.075277322,43.22747,16.26957518,1.265750005,0.482606104,69.75612822,0.003812208,0.166666667,0.003427131
Congo (Democratic Republic of the),59.193,7.018696516,2344860,61.1,43.68605581,0.744198995,95.9,4.936711632,36.20973,63.18819046,1.272472248,0.016302585,56.14924558,0.002356721,0.277777778,0.000461508
Afghanistan,61.9824,2.98506999,652860,80.1,0.857237021,-0.661709165,70.4,7.94561782,44.06497,49.59999847,0.30577001,1.309811457,1.850994088,0.007477206,0.111111111,0.000910048
Sierra Leone,60.0624,4.576081285,72300,50.5,19.83774594,6.693679279,140.2,6.2203873,47.45831,29.34980161,0.947997421,-0.257942701,36.42503458,0.006089929,0.222222222,0
Guinea,58.8922,2.202125952,245860,59.7,10.55983662,10.82068212,107.3,3.546148103,49.42922,31.91127316,2.447079897,-2.176363948,25.98633369,0.011972111,0.277777778,0.000101527
Yemen,63.7534,3.2,527970,41.1,15.80366755,8.104725836,60.7,0.954746041,31.76299,34.35686136,1.233615776,-0.246009931,1.039831809,0.003986939,0.222222222,0.017479178
Burkina Faso,59.2696,2.114962259,274220,44.7,12.6111626,0.724838981,100.9,5.530395303,51.40019,31.69606781,1.341009974,-0.581473861,23.5810663,0.009487673,0.055555556,0.000891663
Mozambique,59.3247,3.197641838,799380,79.8,9.579532609,3.550759674,84,7.332670272,54.9955,40.01703215,0.208169997,-0.077728959,47.46178288,0.003191608,0.444444444,0.002986147
Mali,58.9414,2.31,1240190,73,2.172728537,1.450690576,108.3,4.788293114,52.94472,36.15517243,1.012439966,-1.450196598,10.72093792,0.009588383,0.166666667,0.01605241
Burundi,61.6627,3.129266883,27830,43.7,10.54321312,5.544688913,67.6,2.910244749,46.77393,2.682319641,0.155670002,-0.571183595,10.04814948,0,0.055555556,0.000474317
Central African Republic,53.8947,4.334,622980,78.4,35.21604014,1.402970171,123.3,0.563929965,35.56585,29.46978776,0.458759988,-8.051423713,36.04128543,0.001603527,0.444444444,0
Niger,61.5763,2.116717299,1267000,40,5.924309143,-0.57609037,93.8,4.840436382,56.75932,38.94789124,0.551569998,0.075250261,0.901183899,0.003477669,0.277777778,0.000660976
Chad,52.5254,2.57377421,1284000,39.7,10.72099967,4.377126651,128.7,8.376662097,36.93568,21.08151245,0.388666663,0.591191775,3.808411215,0.004328486,0.388888889,0
South Sudan,54.9752,5.726140022,646883,24.3,17.47801039,52.76633042,97.9,-4.925337978,34.62285,28.05895261,0.466332217,-0.878628307,11.06382452,0.000246412,0.611111111,0